timestamp,symbol,action,price,quantity,reason,mode,outcome,pnl
2026-09-22T16:16:30.071555+00:00,XAUUSDm,BUY,4726.14900,0.1,"EMA50 bullish crossover, ADX 24.8 trending, MACD rising, RSI 48.2",raw,loss,-375.98
2026-09-22T16:16:30.095672+00:00,XAUUSDm,BUY,4782.01600,0.1,"EMA50 bullish crossover, ADX 20.8 trending, MACD rising, RSI 62.5",raw,loss,-278.67
2026-09-22T16:16:30.110741+00:00,XAUUSDm,BUY,4794.48600,0.1,"EMA50 bullish crossover, ADX 20.8 trending, MACD rising, RSI 62.8",raw,win,614.29
2026-09-22T16:16:30.111782+00:00,XAUUSDm,BUY,4818.13100,0.1,"EMA50 bullish crossover, ADX 29.0 trending, MACD rising, RSI 55.3",raw,loss,-273.50
2026-09-22T16:16:30.113591+00:00,XAUUSDm,BUY,4812.63400,0.1,"EMA50 bullish crossover, ADX 24.1 trending, MACD rising, RSI 52.5",raw,loss,-285.47
2026-09-22T16:16:30.116540+00:00,XAUUSDm,SELL,4784.72100,0.1,"EMA50 bearish crossover, ADX 22.3 trending, MACD falling, RSI 40.8",raw,loss,-233.59
2026-09-22T16:16:30.119080+00:00,XAUUSDm,BUY,4799.25800,0.1,"EMA50 bullish crossover, ADX 24.1 trending, MACD rising, RSI 51.4",raw,win,469.15
2026-09-22T16:16:30.120229+00:00,XAUUSDm,BUY,4846.28900,0.1,"EMA50 bullish crossover, ADX 24.2 trending, MACD rising, RSI 67.8",raw,loss,-271.57
2026-09-22T16:16:30.139082+00:00,XAUUSDm,SELL,4779.33100,0.1,"EMA50 bearish crossover, ADX 27.2 trending, MACD falling, RSI 36.9",raw,loss,-334.00
2026-09-22T16:16:30.141280+00:00,XAUUSDm,BUY,4810.23000,0.1,"EMA50 bullish crossover, ADX 21.5 trending, MACD rising, RSI 52.0",raw,loss,-296.03
2026-09-22T16:16:30.143195+00:00,XAUUSDm,SELL,4723.25000,0.1,"EMA50 bearish crossover, ADX 24.5 trending, MACD falling, RSI 41.3",raw,win,584.91
2026-09-22T16:16:30.144275+00:00,XAUUSDm,SELL,4709.16500,0.1,"EMA50 bearish crossover, ADX 24.4 trending, MACD falling, RSI 44.7",raw,win,691.76
2026-09-22T16:16:30.145406+00:00,XAUUSDm,SELL,4584.62800,0.1,"EMA50 bearish crossover, ADX 43.6 trending, MACD falling, RSI 34.7",raw,win,505.86
2026-09-22T16:16:30.146554+00:00,XAUUSDm,SELL,4564.65600,0.1,"EMA50 bearish crossover, ADX 43.6 trending, MACD falling, RSI 48.5",raw,loss,-289.90
2026-09-22T16:16:30.148734+00:00,XAUUSDm,SELL,4605.00600,0.1,"EMA50 bearish crossover, ADX 22.6 trending, MACD falling, RSI 48.3",raw,loss,-239.48
2026-09-22T16:16:30.151081+00:00,XAUUSDm,SELL,4560.36200,0.1,"EMA50 bearish crossover, ADX 20.6 trending, MACD falling, RSI 31.0",raw,win,584.73
2026-09-22T16:16:30.152245+00:00,XAUUSDm,SELL,4543.51100,0.1,"EMA50 bearish crossover, ADX 20.9 trending, MACD falling, RSI 46.3",raw,loss,-248.80
2026-09-22T16:16:30.154182+00:00,XAUUSDm,BUY,4698.86600,0.1,"EMA50 bullish crossover, ADX 39.5 trending, MACD rising, RSI 67.2",raw,win,527.46
2026-09-22T16:16:30.155219+00:00,XAUUSDm,BUY,4731.28900,0.1,"EMA50 bullish crossover, ADX 41.6 trending, MACD rising, RSI 65.8",raw,loss,-294.61
2026-09-22T16:16:30.157029+00:00,XAUUSDm,BUY,4704.00200,0.1,"EMA50 bullish crossover, ADX 29.3 trending, MACD rising, RSI 48.9",raw,loss,-329.35
2026-09-22T16:16:30.158842+00:00,XAUUSDm,BUY,4699.76100,0.1,"EMA50 bullish crossover, ADX 28.3 trending, MACD rising, RSI 54.1",raw,win,607.04
2026-09-22T16:16:30.160041+00:00,XAUUSDm,BUY,4767.50900,0.1,"EMA50 bullish crossover, ADX 25.9 trending, MACD rising, RSI 68.7",raw,loss,-293.06
2026-09-22T16:16:30.161805+00:00,XAUUSDm,SELL,4672.98800,0.1,"EMA50 bearish crossover, ADX 20.9 trending, MACD falling, RSI 36.9",raw,loss,-306.28
2026-09-22T16:16:30.163681+00:00,XAUUSDm,BUY,4715.72300,0.1,"EMA50 bullish crossover, ADX 24.2 trending, MACD rising, RSI 55.7",raw,loss,-305.18
2026-09-22T16:16:30.165769+00:00,XAUUSDm,SELL,4652.26100,0.1,"EMA50 bearish crossover, ADX 20.8 trending, MACD falling, RSI 36.4",raw,win,522.82
2026-09-22T16:16:30.166968+00:00,XAUUSDm,SELL,4538.37800,0.1,"EMA50 bearish crossover, ADX 48.8 trending, MACD falling, RSI 35.3",raw,loss,-335.56
2026-09-22T16:16:30.168843+00:00,XAUUSDm,SELL,4546.39900,0.1,"EMA50 bearish crossover, ADX 35.6 trending, MACD falling, RSI 46.0",raw,loss,-370.61
2026-09-22T16:16:30.170791+00:00,XAUUSDm,SELL,4563.30700,0.1,"EMA50 bearish crossover, ADX 23.1 trending, MACD falling, RSI 51.7",raw,win,639.99
2026-09-22T16:16:30.171842+00:00,XAUUSDm,SELL,4493.86100,0.1,"EMA50 bearish crossover, ADX 22.0 trending, MACD falling, RSI 31.4",raw,loss,-347.99
2026-09-22T16:16:30.173762+00:00,XAUUSDm,SELL,4521.28900,0.1,"EMA50 bearish crossover, ADX 26.6 trending, MACD falling, RSI 48.7",raw,loss,-290.26
2026-09-22T16:16:30.175660+00:00,XAUUSDm,SELL,4532.35400,0.1,"EMA50 bearish crossover, ADX 20.5 trending, MACD falling, RSI 38.4",raw,win,422.63
2026-09-22T16:16:30.176879+00:00,XAUUSDm,SELL,4491.15300,0.1,"EMA50 bearish crossover, ADX 28.5 trending, MACD falling, RSI 32.8",raw,loss,-247.11
2026-09-22T16:16:30.178822+00:00,XAUUSDm,SELL,4508.03500,0.1,"EMA50 bearish crossover, ADX 27.1 trending, MACD falling, RSI 43.2",raw,win,469.89
2026-09-22T16:16:30.183063+00:00,XAUUSDm,SELL,4438.65400,0.1,"EMA50 bearish crossover, ADX 30.2 trending, MACD falling, RSI 30.9",raw,win,613.34
2026-09-22T16:16:30.184789+00:00,XAUUSDm,SELL,4501.37500,0.1,"EMA50 bearish crossover, ADX 27.4 trending, MACD falling, RSI 40.0",raw,win,510.60
2026-09-22T16:16:30.186043+00:00,XAUUSDm,SELL,4458.56000,0.1,"EMA50 bearish crossover, ADX 26.0 trending, MACD falling, RSI 30.7",raw,loss,-283.48
2026-09-22T16:16:30.188009+00:00,XAUUSDm,SELL,4473.88700,0.1,"EMA50 bearish crossover, ADX 20.6 trending, MACD falling, RSI 39.3",raw,loss,-257.38
2026-09-22T16:16:30.189937+00:00,XAUUSDm,SELL,4487.31700,0.1,"EMA50 bearish crossover, ADX 20.5 trending, MACD falling, RSI 40.7",raw,win,458.88
2026-09-22T16:16:30.191053+00:00,XAUUSDm,SELL,4443.73600,0.1,"EMA50 bearish crossover, ADX 34.1 trending, MACD falling, RSI 30.5",raw,loss,-239.80
2026-09-22T16:16:30.193008+00:00,XAUUSDm,SELL,4445.74200,0.1,"EMA50 bearish crossover, ADX 39.4 trending, MACD falling, RSI 36.0",raw,loss,-274.21
2026-09-22T16:16:30.194792+00:00,XAUUSDm,SELL,4463.90700,0.1,"EMA50 bearish crossover, ADX 34.3 trending, MACD falling, RSI 51.4",raw,loss,-281.76
2026-09-22T16:16:30.196799+00:00,XAUUSDm,SELL,4466.09200,0.1,"EMA50 bearish crossover, ADX 23.9 trending, MACD falling, RSI 48.0",raw,win,624.31
2026-09-22T16:16:30.197876+00:00,XAUUSDm,SELL,4338.96300,0.1,"EMA50 bearish crossover, ADX 37.3 trending, MACD falling, RSI 49.3",raw,win,642.44
2026-09-22T16:16:30.198982+00:00,XAUUSDm,SELL,4258.48500,0.1,"EMA50 bearish crossover, ADX 22.5 trending, MACD falling, RSI 30.1",raw,win,661.61
2026-09-22T16:16:30.200124+00:00,XAUUSDm,SELL,4128.65000,0.1,"EMA50 bearish crossover, ADX 43.3 trending, MACD falling, RSI 30.6",raw,win,894.41
2026-09-22T16:16:30.201286+00:00,XAUUSDm,SELL,4084.32400,0.1,"EMA50 bearish crossover, ADX 37.9 trending, MACD falling, RSI 40.1",raw,loss,-443.01
2026-09-22T16:16:30.202979+00:00,XAUUSDm,SELL,4258.53900,0.1,"EMA50 bearish crossover, ADX 22.1 trending, MACD falling, RSI 34.9",raw,loss,-406.13
2026-09-22T16:16:30.204959+00:00,XAUUSDm,SELL,4268.61100,0.1,"EMA50 bearish crossover, ADX 20.6 trending, MACD falling, RSI 38.9",raw,win,690.37
2026-09-22T16:16:30.206080+00:00,XAUUSDm,SELL,4151.22900,0.1,"EMA50 bearish crossover, ADX 39.1 trending, MACD falling, RSI 37.8",raw,loss,-312.17
2026-09-22T16:16:30.207766+00:00,XAUUSDm,SELL,4171.59200,0.1,"EMA50 bearish crossover, ADX 27.2 trending, MACD falling, RSI 47.1",raw,loss,-331.70
2026-09-22T16:16:30.209566+00:00,XAUUSDm,SELL,4190.40200,0.1,"EMA50 bearish crossover, ADX 24.1 trending, MACD falling, RSI 52.0",raw,win,608.73
2026-09-22T16:16:30.210646+00:00,XAUUSDm,SELL,4117.59900,0.1,"EMA50 bearish crossover, ADX 28.1 trending, MACD falling, RSI 39.5",raw,win,566.47
2026-09-22T16:16:30.211667+00:00,XAUUSDm,SELL,4064.68400,0.1,"EMA50 bearish crossover, ADX 34.5 trending, MACD falling, RSI 32.8",raw,win,593.72
2026-09-22T16:16:30.212807+00:00,XAUUSDm,SELL,4008.12900,0.1,"EMA50 bearish crossover, ADX 41.2 trending, MACD falling, RSI 32.9",raw,loss,-408.19
2026-09-22T16:16:30.214738+00:00,XAUUSDm,SELL,4013.40400,0.1,"EMA50 bearish crossover, ADX 22.9 trending, MACD falling, RSI 35.1",raw,win,545.17
2026-09-22T16:16:30.215829+00:00,XAUUSDm,SELL,4009.76000,0.1,"EMA50 bearish crossover, ADX 22.9 trending, MACD falling, RSI 47.3",raw,loss,-299.24
2026-09-22T16:16:30.217759+00:00,XAUUSDm,SELL,3980.37300,0.1,"EMA50 bearish crossover, ADX 20.3 trending, MACD falling, RSI 37.0",raw,loss,-258.73
2026-09-22T16:16:30.219621+00:00,XAUUSDm,BUY,4177.91700,0.1,"EMA50 bullish crossover, ADX 38.4 trending, MACD rising, RSI 62.1",raw,loss,-233.23
2026-09-22T16:16:30.221418+00:00,XAUUSDm,BUY,4164.23300,0.1,"EMA50 bullish crossover, ADX 29.9 trending, MACD rising, RSI 52.6",raw,loss,-253.88
2026-09-22T16:16:30.223090+00:00,XAUUSDm,BUY,4154.92800,0.1,"EMA50 bullish crossover, ADX 25.0 trending, MACD rising, RSI 48.9",raw,loss,-250.82
2026-09-22T16:16:30.224786+00:00,XAUUSDm,BUY,4154.89900,0.1,"EMA50 bullish crossover, ADX 20.3 trending, MACD rising, RSI 50.8",raw,loss,-249.57
2026-09-22T16:16:30.226431+00:00,XAUUSDm,SELL,4124.16000,0.1,"EMA50 bearish crossover, ADX 20.9 trending, MACD falling, RSI 33.9",raw,loss,-218.47
2026-09-22T16:16:30.228658+00:00,XAUUSDm,BUY,4156.67100,0.1,"EMA50 bullish crossover, ADX 22.3 trending, MACD rising, RSI 57.7",raw,loss,-220.90
2026-09-22T16:16:30.230579+00:00,XAUUSDm,SELL,4098.14700,0.1,"EMA50 bearish crossover, ADX 21.4 trending, MACD falling, RSI 31.9",raw,loss,-248.04
2026-09-22T16:16:30.232553+00:00,XAUUSDm,SELL,4073.77300,0.1,"EMA50 bearish crossover, ADX 20.7 trending, MACD falling, RSI 37.9",raw,win,529.10
2026-09-22T16:16:30.233721+00:00,XAUUSDm,SELL,4020.93900,0.1,"EMA50 bearish crossover, ADX 44.0 trending, MACD falling, RSI 44.0",raw,loss,-226.90
2026-09-22T16:16:30.235751+00:00,XAUUSDm,SELL,4048.94700,0.1,"EMA50 bearish crossover, ADX 35.2 trending, MACD falling, RSI 51.5",raw,loss,-248.51
2026-09-22T16:16:30.237636+00:00,XAUUSDm,SELL,3992.08000,0.1,"EMA50 bearish crossover, ADX 20.4 trending, MACD falling, RSI 35.0",raw,loss,-285.89
2026-09-22T16:16:30.239637+00:00,XAUUSDm,BUY,4068.40700,0.1,"EMA50 bullish crossover, ADX 29.5 trending, MACD rising, RSI 65.0",raw,win,448.04
2026-09-22T16:16:30.240841+00:00,XAUUSDm,BUY,4148.55900,0.1,"EMA50 bullish crossover, ADX 45.1 trending, MACD rising, RSI 69.2",raw,loss,-243.79
2026-09-22T16:16:30.242645+00:00,XAUUSDm,BUY,4133.31900,0.1,"EMA50 bullish crossover, ADX 39.3 trending, MACD rising, RSI 57.1",raw,loss,-221.69
2026-09-22T16:16:30.244497+00:00,XAUUSDm,SELL,4055.91900,0.1,"EMA50 bearish crossover, ADX 40.3 trending, MACD falling, RSI 48.7",raw,loss,-180.56
2026-09-22T16:16:30.246331+00:00,XAUUSDm,SELL,4066.92200,0.1,"EMA50 bearish crossover, ADX 32.4 trending, MACD falling, RSI 53.3",raw,loss,-203.41
2026-09-22T16:16:30.248176+00:00,XAUUSDm,BUY,4089.70500,0.1,"EMA50 bullish crossover, ADX 26.9 trending, MACD rising, RSI 62.9",raw,loss,-216.66
2026-09-22T16:16:30.250168+00:00,XAUUSDm,BUY,4082.45700,0.1,"EMA50 bullish crossover, ADX 24.3 trending, MACD rising, RSI 50.6",raw,loss,-206.32
2026-09-22T16:16:30.252166+00:00,XAUUSDm,SELL,4026.43900,0.1,"EMA50 bearish crossover, ADX 24.6 trending, MACD falling, RSI 30.1",raw,loss,-190.19
2026-09-22T16:16:30.254180+00:00,XAUUSDm,SELL,4027.81900,0.1,"EMA50 bearish crossover, ADX 26.5 trending, MACD falling, RSI 39.1",raw,loss,-212.96
2026-09-22T16:16:30.256713+00:00,XAUUSDm,BUY,4068.18700,0.1,"EMA50 bullish crossover, ADX 26.5 trending, MACD rising, RSI 56.8",raw,loss,-340.83
2026-09-22T16:16:30.261055+00:00,XAUUSDm,SELL,4033.75300,0.1,"EMA50 bearish crossover, ADX 28.1 trending, MACD falling, RSI 45.8",raw,loss,-332.02
2026-09-22T16:16:30.264217+00:00,XAUUSDm,BUY,4061.60700,0.1,"EMA50 bullish crossover, ADX 25.3 trending, MACD rising, RSI 53.6",raw,loss,-331.13
2026-09-22T16:16:30.266437+00:00,XAUUSDm,BUY,4063.87800,0.1,"EMA50 bullish crossover, ADX 20.6 trending, MACD rising, RSI 51.6",raw,loss,-242.56
2026-09-22T16:16:30.268642+00:00,XAUUSDm,SELL,4036.16100,0.1,"EMA50 bearish crossover, ADX 20.2 trending, MACD falling, RSI 40.0",raw,loss,-237.64
2026-09-22T16:16:30.270973+00:00,XAUUSDm,BUY,4082.43000,0.1,"EMA50 bullish crossover, ADX 21.9 trending, MACD rising, RSI 58.3",raw,win,423.89
2026-09-22T16:16:30.272431+00:00,XAUUSDm,BUY,4278.16900,0.1,"EMA50 bullish crossover, ADX 57.6 trending, MACD rising, RSI 67.7",raw,loss,-310.99
2026-09-22T16:16:30.276247+00:00,XAUUSDm,BUY,4267.25800,0.1,"EMA50 bullish crossover, ADX 49.7 trending, MACD rising, RSI 60.1",raw,loss,-320.29
2026-09-22T16:16:30.280329+00:00,XAUUSDm,BUY,4247.11100,0.1,"EMA50 bullish crossover, ADX 40.4 trending, MACD rising, RSI 51.7",raw,win,647.90
2026-09-22T16:16:30.281418+00:00,XAUUSDm,BUY,4305.91900,0.1,"EMA50 bullish crossover, ADX 24.7 trending, MACD rising, RSI 65.9",raw,win,573.48
2026-09-22T16:16:30.282824+00:00,XAUUSDm,BUY,4339.31700,0.1,"EMA50 bullish crossover, ADX 31.9 trending, MACD rising, RSI 60.8",raw,win,561.03
2026-09-22T16:16:30.285274+00:00,XAUUSDm,BUY,4372.26200,0.1,"EMA50 bullish crossover, ADX 28.5 trending, MACD rising, RSI 50.7",raw,win,562.62
2026-09-22T16:16:30.286876+00:00,XAUUSDm,BUY,4369.11100,0.1,"EMA50 bullish crossover, ADX 22.5 trending, MACD rising, RSI 55.7",raw,win,480.37
2026-09-22T16:16:30.288207+00:00,XAUUSDm,BUY,4417.11900,0.1,"EMA50 bullish crossover, ADX 29.3 trending, MACD rising, RSI 63.1",raw,loss,-251.74
2026-09-22T16:16:30.291000+00:00,XAUUSDm,BUY,4490.23800,0.1,"EMA50 bullish crossover, ADX 30.0 trending, MACD rising, RSI 60.3",raw,loss,-247.98
2026-09-22T16:16:30.293227+00:00,XAUUSDm,BUY,4481.61100,0.1,"EMA50 bullish crossover, ADX 25.7 trending, MACD rising, RSI 55.3",raw,win,542.22
2026-09-22T16:16:30.294397+00:00,XAUUSDm,BUY,4521.77500,0.1,"EMA50 bullish crossover, ADX 25.4 trending, MACD rising, RSI 66.6",raw,win,606.52
2026-09-22T16:16:30.295537+00:00,XAUUSDm,BUY,4624.23100,0.1,"EMA50 bullish crossover, ADX 39.9 trending, MACD rising, RSI 68.3",raw,loss,-282.59
2026-09-22T16:16:30.297432+00:00,XAUUSDm,BUY,4632.16100,0.1,"EMA50 bullish crossover, ADX 40.5 trending, MACD rising, RSI 69.7",raw,win,644.15
2026-09-22T16:16:30.298535+00:00,XAUUSDm,BUY,4642.90800,0.1,"EMA50 bullish crossover, ADX 30.7 trending, MACD rising, RSI 50.9",raw,loss,-331.06
2026-09-22T16:16:30.300426+00:00,XAUUSDm,BUY,4635.36400,0.1,"EMA50 bullish crossover, ADX 20.7 trending, MACD rising, RSI 49.2",raw,loss,-315.97
2026-09-22T16:16:30.302321+00:00,XAUUSDm,BUY,4623.46600,0.1,"EMA50 bullish crossover, ADX 23.2 trending, MACD rising, RSI 51.8",raw,loss,-261.71
2026-09-22T16:16:30.304203+00:00,XAUUSDm,BUY,4614.84900,0.1,"EMA50 bullish crossover, ADX 23.3 trending, MACD rising, RSI 53.1",raw,loss,-292.14
2026-09-22T16:16:30.306256+00:00,XAUUSDm,BUY,4612.47700,0.1,"EMA50 bullish crossover, ADX 23.4 trending, MACD rising, RSI 54.9",raw,loss,-270.15
2026-09-22T16:16:30.308180+00:00,XAUUSDm,SELL,4435.72800,0.1,"EMA50 bearish crossover, ADX 43.8 trending, MACD falling, RSI 33.2",raw,win,638.22
2026-09-22T16:16:30.309348+00:00,XAUUSDm,SELL,4378.28000,0.1,"EMA50 bearish crossover, ADX 35.7 trending, MACD falling, RSI 31.4",raw,win,599.13
2026-09-22T16:16:30.310543+00:00,XAUUSDm,SELL,4308.58200,0.1,"EMA50 bearish crossover, ADX 49.6 trending, MACD falling, RSI 33.5",raw,loss,-282.05
2026-09-22T16:16:30.312414+00:00,XAUUSDm,SELL,4368.36900,0.1,"EMA50 bearish crossover, ADX 38.4 trending, MACD falling, RSI 57.1",raw,loss,-304.22
2026-09-22T16:16:30.314288+00:00,XAUUSDm,BUY,4443.92600,0.1,"EMA50 bullish crossover, ADX 40.9 trending, MACD rising, RSI 69.3",raw,win,494.93
2026-09-22T16:16:30.315365+00:00,XAUUSDm,BUY,4486.25300,0.1,"EMA50 bullish crossover, ADX 51.6 trending, MACD rising, RSI 67.0",raw,loss,-248.97
2026-09-22T16:16:30.317315+00:00,XAUUSDm,BUY,4483.53600,0.1,"EMA50 bullish crossover, ADX 47.4 trending, MACD rising, RSI 61.2",raw,loss,-244.57
2026-09-22T16:16:30.319237+00:00,XAUUSDm,SELL,4393.83300,0.1,"EMA50 bearish crossover, ADX 42.9 trending, MACD falling, RSI 31.4",raw,loss,-315.42
2026-09-22T16:16:30.321448+00:00,XAUUSDm,SELL,4413.21500,0.1,"EMA50 bearish crossover, ADX 43.2 trending, MACD falling, RSI 38.5",raw,win,734.56
2026-09-22T16:16:30.322783+00:00,XAUUSDm,SELL,4332.63500,0.1,"EMA50 bearish crossover, ADX 27.5 trending, MACD falling, RSI 33.3",raw,loss,-316.97
2026-09-22T16:16:30.325022+00:00,XAUUSDm,SELL,4361.61800,0.1,"EMA50 bearish crossover, ADX 23.9 trending, MACD falling, RSI 51.3",raw,win,728.80
2026-09-22T16:16:30.326455+00:00,XAUUSDm,SELL,4287.08000,0.1,"EMA50 bearish crossover, ADX 21.5 trending, MACD falling, RSI 33.7",raw,loss,-286.80
2026-09-22T16:16:30.328478+00:00,XAUUSDm,SELL,4283.34400,0.1,"EMA50 bearish crossover, ADX 25.6 trending, MACD falling, RSI 39.5",raw,loss,-306.70
2026-09-22T16:16:30.330493+00:00,XAUUSDm,SELL,4303.59300,0.1,"EMA50 bearish crossover, ADX 24.7 trending, MACD falling, RSI 48.3",raw,loss,-263.02
2026-09-22T16:16:30.332473+00:00,XAUUSDm,SELL,4261.12400,0.1,"EMA50 bearish crossover, ADX 28.6 trending, MACD falling, RSI 34.4",raw,loss,-354.52
2026-09-22T16:16:30.334551+00:00,XAUUSDm,SELL,4306.29000,0.1,"EMA50 bearish crossover, ADX 20.1 trending, MACD falling, RSI 50.1",raw,loss,-330.54
2026-09-22T16:16:30.336933+00:00,XAUUSDm,BUY,4366.88100,0.1,"EMA50 bullish crossover, ADX 30.6 trending, MACD rising, RSI 60.5",raw,loss,-276.86
